{"v":"5.6.9","fr":30,"ip":0,"op":150,"w":454,"h":440,"nm":"E-mail","ddd":0,"assets":[],"layers":[{"ddd":0,"ind":1,"ty":4,"nm":"Layer 12 Outlines","sr":1,"ks":{"o":{"a":0,"k":100,"ix":11},"r":{"a":1,"k":[{"i":{"x":[0.66],"y":[1]},"o":{"x":[0.34],"y":[0]},"t":0,"s":[0]},{"i":{"x":[0.66],"y":[1]},"o":{"x":[0.34],"y":[0]},"t":35,"s":[2]},{"i":{"x":[0.66],"y":[1]},"o":{"x":[0.34],"y":[0]},"t":69,"s":[-2]},{"i":{"x":[0.66],"y":[1]},"o":{"x":[0.34],"y":[0]},"t":106,"s":[2]},{"t":149,"s":[0]}],"ix":10},"p":{"a":0,"k":[230,303,0],"ix":2},"a":{"a":0,"k":[21.25,31.889,0],"ix":1},"s":{"a":0,"k":[900,900,100],"ix":6}},"ao":0,"shapes":[{"ty":"gr","it":[{"ind":0,"ty":"sh","ix":1,"ks":{"a":0,"k":{"i":[[0.276,0],[0,0.276],[0,0],[-0.276,0],[0,-0.276],[0,0]],"o":[[-0.276,0],[0,0],[0,-0.276],[0.276,0],[0,0],[0,0.276]],"v":[[0,10],[-0.5,9.5],[-0.5,-9.5],[0,-10],[0.5,-9.5],[0.5,9.5]],"c":true},"ix":2},"nm":"Path 1","mn":"ADBE Vector Shape - Group","hd":false},{"ty":"fl","c":{"a":0,"k":[1,0.972999961703,0.882000014361,1],"ix":4},"o":{"a":0,"k":100,"ix":5},"r":1,"bm":0,"nm":"Fill 1","mn":"ADBE Vector Graphic - Fill","hd":false},{"ty":"tr","p":{"a":0,"k":[1.75,33],"ix":2},"a":{"a":0,"k":[0,0],"ix":1},"s":{"a":0,"k":[100,100],"ix":3},"r":{"a":0,"k":0,"ix":6},"o":{"a":0,"k":100,"ix":7},"sk":{"a":0,"k":0,"ix":4},"sa":{"a":0,"k":0,"ix":5},"nm":"Transform"}],"nm":"Group 1","np":2,"cix":2,"bm":0,"ix":1,"mn":"ADBE Vector Group","hd":false},{"ty":"gr","it":[{"ind":0,"ty":"sh","ix":1,"ks":{"a":0,"k":{"i":[[0.134,0],[0.096,0.089],[0,0],[0.953,-0.883],[0,0],[0.187,0.202],[-0.202,0.188],[0,0],[-1.334,-1.234],[0,0],[0.187,-0.202]],"o":[[-0.122,0],[0,0],[-0.953,-0.883],[0,0],[-0.203,0.187],[-0.188,-0.202],[0,0],[1.334,-1.234],[0,0],[0.202,0.188],[-0.099,0.106]],"v":[[19.891,9.296],[19.551,9.163],[1.699,-7.383],[-1.699,-7.383],[-19.551,9.163],[-20.257,9.137],[-20.231,8.43],[-2.379,-8.117],[2.379,-8.117],[20.231,8.43],[20.258,9.137]],"c":true},"ix":2},"nm":"Path 1","mn":"ADBE Vector Shape - Group","hd":false},{"ty":"fl","c":{"a":0,"k":[0.08627450980392157,0.2901960784313726,0.6392156862745098,1],"ix":4},"o":{"a":0,"k":100,"ix":5},"r":1,"bm":0,"nm":"Fill 1","mn":"ADBE Vector Graphic - Fill","hd":false},{"ty":"tr","p":{"a":0,"k":[21.25,36.139],"ix":2},"a":{"a":0,"k":[0,0],"ix":1},"s":{"a":0,"k":[100,100],"ix":3},"r":{"a":0,"k":0,"ix":6},"o":{"a":0,"k":100,"ix":7},"sk":{"a":0,"k":0,"ix":4},"sa":{"a":0,"k":0,"ix":5},"nm":"Transform"}],"nm":"Group 2","np":2,"cix":2,"bm":0,"ix":2,"mn":"ADBE Vector Group","hd":false},{"ty":"gr","it":[{"ind":0,"ty":"sh","ix":1,"ks":{"a":0,"k":{"i":[[0.122,0],[0.099,0.107],[-0.203,0.186],[0,0],[-0.953,-0.884],[0.188,-0.202],[0.202,0.188],[0.574,-0.53],[0,0]],"o":[[-0.135,0],[-0.187,-0.203],[0,0],[0.954,-0.882],[0.202,0.187],[-0.189,0.203],[-0.571,-0.531],[0,0],[-0.096,0.089]],"v":[[-9.15,8.063],[-9.518,7.902],[-9.49,7.196],[6.091,-7.181],[9.492,-7.178],[9.518,-6.472],[8.811,-6.446],[6.77,-6.447],[-8.812,7.93]],"c":true},"ix":2},"nm":"Path 1","mn":"ADBE Vector Shape - Group","hd":false},{"ty":"fl","c":{"a":0,"k":[1,0.972999961703,0.882000014361,1],"ix":4},"o":{"a":0,"k":100,"ix":5},"r":1,"bm":0,"nm":"Fill 1","mn":"ADBE Vector Graphic - Fill","hd":false},{"ty":"tr","p":{"a":0,"k":[13.459,35.937],"ix":2},"a":{"a":0,"k":[0,0],"ix":1},"s":{"a":0,"k":[100,100],"ix":3},"r":{"a":0,"k":0,"ix":6},"o":{"a":0,"k":100,"ix":7},"sk":{"a":0,"k":0,"ix":4},"sa":{"a":0,"k":0,"ix":5},"nm":"Transform"}],"nm":"Group 3","np":2,"cix":2,"bm":0,"ix":3,"mn":"ADBE Vector Group","hd":false},{"ty":"gr","it":[{"ind":0,"ty":"sh","ix":1,"ks":{"a":0,"k":{"i":[[0,0],[0,0],[1.15,-1.066],[0,0]],"o":[[0,0],[-1.15,-1.066],[0,0],[0,0]],"v":[[19.5,8.588],[2.039,-7.522],[-2.039,-7.522],[-19.5,8.588]],"c":true},"ix":2},"nm":"Path 1","mn":"ADBE Vector Shape - Group","hd":false},{"ty":"fl","c":{"a":0,"k":[0.698039215686,0.764705882353,0.854901960784,1],"ix":4},"o":{"a":0,"k":100,"ix":5},"r":1,"bm":0,"nm":"Fill 1","mn":"ADBE Vector Graphic - Fill","hd":false},{"ty":"tr","p":{"a":0,"k":[21.25,35.912],"ix":2},"a":{"a":0,"k":[0,0],"ix":1},"s":{"a":0,"k":[100,100],"ix":3},"r":{"a":0,"k":0,"ix":6},"o":{"a":0,"k":100,"ix":7},"sk":{"a":0,"k":0,"ix":4},"sa":{"a":0,"k":0,"ix":5},"nm":"Transform"}],"nm":"Group 4","np":2,"cix":2,"bm":0,"ix":4,"mn":"ADBE Vector Group","hd":false},{"ty":"gr","it":[{"ind":0,"ty":"sh","ix":1,"ks":{"a":0,"k":{"i":[[1.378,0],[0,0],[0,1.379],[0,0],[-0.172,0.084],[-0.15,-0.116],[0,0],[0.17,-0.218],[0.218,0.17],[0,0],[0,0],[-0.827,0],[0,0],[0,0.827],[0,0],[0,0],[0.169,0.217],[-0.217,0.17],[0,0],[-0.17,-0.084],[0,-0.191],[0,0]],"o":[[0,0],[-1.378,0],[0,0],[0,-0.191],[0.171,-0.084],[0,0],[0.217,0.17],[-0.17,0.217],[0,0],[0,0],[0,0.827],[0,0],[0.827,0],[0,0],[0,0],[-0.219,0.169],[-0.17,-0.218],[0,0],[0.151,-0.116],[0.172,0.084],[0,0],[0,1.379]],"v":[[18.5,13.016],[-18.5,13.016],[-21,10.516],[-21,-12.484],[-20.719,-12.932],[-20.192,-12.878],[-7.187,-2.727],[-7.101,-2.025],[-7.803,-1.938],[-20,-11.46],[-20,10.516],[-18.5,12.016],[18.5,12.016],[20,10.516],[20,-11.46],[7.804,-1.939],[7.102,-2.027],[7.188,-2.729],[20.192,-12.878],[20.719,-12.932],[21,-12.484],[21,10.516]],"c":true},"ix":2},"nm":"Path 1","mn":"ADBE Vector Shape - Group","hd":false},{"ty":"fl","c":{"a":0,"k":[0.08627450980392157,0.2901960784313726,0.6392156862745098,1],"ix":4},"o":{"a":0,"k":100,"ix":5},"r":1,"bm":0,"nm":"Fill 1","mn":"ADBE Vector Graphic - Fill","hd":false},{"ty":"tr","p":{"a":0,"k":[21.25,32.984],"ix":2},"a":{"a":0,"k":[0,0],"ix":1},"s":{"a":0,"k":[100,100],"ix":3},"r":{"a":0,"k":0,"ix":6},"o":{"a":0,"k":100,"ix":7},"sk":{"a":0,"k":0,"ix":4},"sa":{"a":0,"k":0,"ix":5},"nm":"Transform"}],"nm":"Group 5","np":2,"cix":2,"bm":0,"ix":5,"mn":"ADBE Vector Group","hd":false},{"ty":"gr","it":[{"ind":0,"ty":"sh","ix":1,"ks":{"a":0,"k":{"i":[[0,0],[0,0],[0,0],[-1.104,0],[0,0],[0,1.104],[0,0]],"o":[[0,0],[0,0],[0,1.104],[0,0],[1.104,0],[0,0],[0,0]],"v":[[0,3.5],[-20.5,-12.5],[-20.5,10.5],[-18.5,12.5],[18.5,12.5],[20.5,10.5],[20.5,-12.5]],"c":true},"ix":2},"nm":"Path 1","mn":"ADBE Vector Shape - Group","hd":false},{"ty":"fl","c":{"a":0,"k":[0.698039215686,0.764705882353,0.854901960784,1],"ix":4},"o":{"a":0,"k":100,"ix":5},"r":1,"bm":0,"nm":"Fill 1","mn":"ADBE Vector Graphic - Fill","hd":false},{"ty":"tr","p":{"a":0,"k":[21.25,33],"ix":2},"a":{"a":0,"k":[0,0],"ix":1},"s":{"a":0,"k":[100,100],"ix":3},"r":{"a":0,"k":0,"ix":6},"o":{"a":0,"k":100,"ix":7},"sk":{"a":0,"k":0,"ix":4},"sa":{"a":0,"k":0,"ix":5},"nm":"Transform"}],"nm":"Group 6","np":2,"cix":2,"bm":0,"ix":6,"mn":"ADBE Vector Group","hd":false},{"ty":"gr","it":[{"ind":0,"ty":"sh","ix":1,"ks":{"a":0,"k":{"i":[[0.276,0],[0,0],[0,0.276],[0,0],[-0.276,0],[0,0],[0,-0.276],[0,0]],"o":[[0,0],[-0.276,0],[0,0],[0,-0.276],[0,0],[0.276,0],[0,0],[0,0.276]],"v":[[11.5,5],[-11.5,5],[-12,4.5],[-12,-4.5],[-11.5,-5],[11.5,-5],[12,-4.5],[12,4.5]],"c":true},"ix":2},"nm":"Path 1","mn":"ADBE Vector Shape - Group","hd":false},{"ty":"fl","c":{"a":0,"k":[0.933000033509,0.933000033509,0.933000033509,1],"ix":4},"o":{"a":0,"k":100,"ix":5},"r":1,"bm":0,"nm":"Fill 1","mn":"ADBE Vector Graphic - Fill","hd":false},{"ty":"tr","p":{"a":1,"k":[{"i":{"x":0.66,"y":1},"o":{"x":0.34,"y":0},"t":0,"s":[21.25,17],"to":[0,-0.351],"ti":[0,-0.275]},{"i":{"x":0.66,"y":1},"o":{"x":0.34,"y":0},"t":30,"s":[21.25,14.895],"to":[0,0.275],"ti":[0,0]},{"i":{"x":0.66,"y":1},"o":{"x":0.34,"y":0},"t":59,"s":[21.25,18.647],"to":[0,0],"ti":[0,0]},{"i":{"x":0.66,"y":1},"o":{"x":0.34,"y":0},"t":90,"s":[21.25,14.895],"to":[0,0],"ti":[0,-0.351]},{"i":{"x":0.66,"y":1},"o":{"x":0.34,"y":0},"t":119,"s":[21.25,18.647],"to":[0,0.351],"ti":[0,0.275]},{"t":149,"s":[21.25,17]}],"ix":2},"a":{"a":0,"k":[0,0],"ix":1},"s":{"a":0,"k":[100,100],"ix":3},"r":{"a":0,"k":0,"ix":6},"o":{"a":0,"k":100,"ix":7},"sk":{"a":0,"k":0,"ix":4},"sa":{"a":0,"k":0,"ix":5},"nm":"Transform"}],"nm":"Group 7","np":2,"cix":2,"bm":0,"ix":7,"mn":"ADBE Vector Group","hd":false},{"ty":"gr","it":[{"ind":0,"ty":"sh","ix":1,"ks":{"a":0,"k":{"i":[[0.276,0],[0,0],[0,0.276],[0,0],[-0.276,0],[0,0],[0,-0.276],[0,0]],"o":[[0,0],[-0.276,0],[0,0],[0,-0.276],[0,0],[0.276,0],[0,0],[0,0.276]],"v":[[11.5,5],[-11.5,5],[-12,4.5],[-12,-4.5],[-11.5,-5],[11.5,-5],[12,-4.5],[12,4.5]],"c":true},"ix":2},"nm":"Path 1","mn":"ADBE Vector Shape - Group","hd":false},{"ty":"fl","c":{"a":0,"k":[0.933000033509,0.933000033509,0.933000033509,1],"ix":4},"o":{"a":0,"k":100,"ix":5},"r":1,"bm":0,"nm":"Fill 1","mn":"ADBE Vector Graphic - Fill","hd":false},{"ty":"tr","p":{"a":1,"k":[{"i":{"x":0.66,"y":1},"o":{"x":0.34,"y":0},"t":0,"s":[21.25,29],"to":[0,-0.351],"ti":[0,-0.275]},{"i":{"x":0.66,"y":1},"o":{"x":0.34,"y":0},"t":30,"s":[21.25,26.895],"to":[0,0.275],"ti":[0,0]},{"i":{"x":0.66,"y":1},"o":{"x":0.34,"y":0},"t":59,"s":[21.25,30.647],"to":[0,0],"ti":[0,0]},{"i":{"x":0.66,"y":1},"o":{"x":0.34,"y":0},"t":90,"s":[21.25,26.895],"to":[0,0],"ti":[0,-0.351]},{"i":{"x":0.66,"y":1},"o":{"x":0.34,"y":0},"t":119,"s":[21.25,30.647],"to":[0,0.351],"ti":[0,0.275]},{"t":149,"s":[21.25,29]}],"ix":2},"a":{"a":0,"k":[0,0],"ix":1},"s":{"a":0,"k":[100,100],"ix":3},"r":{"a":0,"k":0,"ix":6},"o":{"a":0,"k":100,"ix":7},"sk":{"a":0,"k":0,"ix":4},"sa":{"a":0,"k":0,"ix":5},"nm":"Transform"}],"nm":"Group 8","np":2,"cix":2,"bm":0,"ix":8,"mn":"ADBE Vector Group","hd":false},{"ty":"gr","it":[{"ind":0,"ty":"sh","ix":1,"ks":{"a":1,"k":[{"i":{"x":0.66,"y":1},"o":{"x":0.34,"y":0},"t":3.507,"s":[{"i":[[0,-0.553],[0.552,0],[0,0.553],[-0.552,0]],"o":[[0,0.553],[-0.552,0],[0,-0.553],[0.552,0]],"v":[[1,0],[0,1],[-1,0],[0,-1]],"c":true}]},{"i":{"x":0.66,"y":1},"o":{"x":0.34,"y":0},"t":24,"s":[{"i":[[0,-0.553],[0.552,0],[0,0.553],[-0.552,0]],"o":[[0,0.553],[-0.552,0],[0,-0.553],[0.552,0]],"v":[[16.722,0],[15.722,1],[14.722,0],[15.722,-1]],"c":true}]},{"i":{"x":0.66,"y":1},"o":{"x":0.34,"y":0},"t":45.041,"s":[{"i":[[0,-0.553],[0.552,0],[0,0.553],[-0.552,0]],"o":[[0,0.553],[-0.552,0],[0,-0.553],[0.552,0]],"v":[[-0.944,0],[-1.944,1],[-2.944,0],[-1.944,-1]],"c":true}]},{"i":{"x":0.833,"y":1},"o":{"x":0.167,"y":0},"t":64,"s":[{"i":[[0,-0.553],[0.552,0],[0,0.553],[-0.552,0]],"o":[[0,0.553],[-0.552,0],[0,-0.553],[0.552,0]],"v":[[1,0],[0,1],[-1,0],[0,-1]],"c":true}]},{"i":{"x":0.66,"y":1},"o":{"x":0.34,"y":0},"t":79.507,"s":[{"i":[[0,-0.553],[0.552,0],[0,0.553],[-0.552,0]],"o":[[0,0.553],[-0.552,0],[0,-0.553],[0.552,0]],"v":[[1,0],[0,1],[-1,0],[0,-1]],"c":true}]},{"i":{"x":0.66,"y":1},"o":{"x":0.34,"y":0},"t":100,"s":[{"i":[[0,-0.553],[0.552,0],[0,0.553],[-0.552,0]],"o":[[0,0.553],[-0.552,0],[0,-0.553],[0.552,0]],"v":[[16.722,0],[15.722,1],[14.722,0],[15.722,-1]],"c":true}]},{"i":{"x":0.66,"y":1},"o":{"x":0.34,"y":0},"t":121.041,"s":[{"i":[[0,-0.553],[0.552,0],[0,0.553],[-0.552,0]],"o":[[0,0.553],[-0.552,0],[0,-0.553],[0.552,0]],"v":[[-0.944,0],[-1.944,1],[-2.944,0],[-1.944,-1]],"c":true}]},{"t":140,"s":[{"i":[[0,-0.553],[0.552,0],[0,0.553],[-0.552,0]],"o":[[0,0.553],[-0.552,0],[0,-0.553],[0.552,0]],"v":[[1,0],[0,1],[-1,0],[0,-1]],"c":true}]}],"ix":2},"nm":"Path 1","mn":"ADBE Vector Shape - Group","hd":false},{"ty":"st","c":{"a":0,"k":[0.08627450980392157,0.2901960784313726,0.6392156862745098,1],"ix":3},"o":{"a":0,"k":100,"ix":4},"w":{"a":0,"k":1,"ix":5},"lc":2,"lj":2,"bm":0,"nm":"Stroke 1","mn":"ADBE Vector Graphic - Stroke","hd":false},{"ty":"fl","c":{"a":0,"k":[1,1,1,1],"ix":4},"o":{"a":0,"k":100,"ix":5},"r":1,"bm":0,"nm":"Fill 1","mn":"ADBE Vector Graphic - Fill","hd":false},{"ty":"tr","p":{"a":1,"k":[{"i":{"x":0.66,"y":1},"o":{"x":0.34,"y":0},"t":0,"s":[8.75,5.5],"to":[0,-0.351],"ti":[0,-0.275]},{"i":{"x":0.66,"y":1},"o":{"x":0.34,"y":0},"t":30,"s":[8.75,3.395],"to":[0,0.275],"ti":[0,0]},{"i":{"x":0.66,"y":1},"o":{"x":0.34,"y":0},"t":59,"s":[8.75,7.147],"to":[0,0],"ti":[0,0]},{"i":{"x":0.66,"y":1},"o":{"x":0.34,"y":0},"t":90,"s":[8.75,3.395],"to":[0,0],"ti":[0,-0.351]},{"i":{"x":0.66,"y":1},"o":{"x":0.34,"y":0},"t":119,"s":[8.75,7.147],"to":[0,0.351],"ti":[0,0.275]},{"t":149,"s":[8.75,5.5]}],"ix":2},"a":{"a":0,"k":[0,0],"ix":1},"s":{"a":0,"k":[100,100],"ix":3},"r":{"a":0,"k":0,"ix":6},"o":{"a":0,"k":100,"ix":7},"sk":{"a":0,"k":0,"ix":4},"sa":{"a":0,"k":0,"ix":5},"nm":"Transform"}],"nm":"Group 9","np":3,"cix":2,"bm":0,"ix":9,"mn":"ADBE Vector Group","hd":false},{"ty":"gr","it":[{"ind":0,"ty":"sh","ix":1,"ks":{"a":1,"k":[{"i":{"x":0.66,"y":1},"o":{"x":0.34,"y":0},"t":1.753,"s":[{"i":[[0,-0.553],[0.552,0],[0,0.553],[-0.552,0]],"o":[[0,0.553],[-0.552,0],[0,-0.553],[0.552,0]],"v":[[1,0],[0,1],[-1,0],[0,-1]],"c":true}]},{"i":{"x":0.66,"y":1},"o":{"x":0.34,"y":0},"t":22.247,"s":[{"i":[[0,-0.553],[0.552,0],[0,0.553],[-0.552,0]],"o":[[0,0.553],[-0.552,0],[0,-0.553],[0.552,0]],"v":[[16.722,0],[15.722,1],[14.722,0],[15.722,-1]],"c":true}]},{"i":{"x":0.66,"y":1},"o":{"x":0.34,"y":0},"t":43.287,"s":[{"i":[[0,-0.553],[0.552,0],[0,0.553],[-0.552,0]],"o":[[0,0.553],[-0.552,0],[0,-0.553],[0.552,0]],"v":[[-0.944,0],[-1.944,1],[-2.944,0],[-1.944,-1]],"c":true}]},{"i":{"x":0.833,"y":1},"o":{"x":0.167,"y":0},"t":62.247,"s":[{"i":[[0,-0.553],[0.552,0],[0,0.553],[-0.552,0]],"o":[[0,0.553],[-0.552,0],[0,-0.553],[0.552,0]],"v":[[1,0],[0,1],[-1,0],[0,-1]],"c":true}]},{"i":{"x":0.66,"y":1},"o":{"x":0.34,"y":0},"t":77.753,"s":[{"i":[[0,-0.553],[0.552,0],[0,0.553],[-0.552,0]],"o":[[0,0.553],[-0.552,0],[0,-0.553],[0.552,0]],"v":[[1,0],[0,1],[-1,0],[0,-1]],"c":true}]},{"i":{"x":0.66,"y":1},"o":{"x":0.34,"y":0},"t":98.247,"s":[{"i":[[0,-0.553],[0.552,0],[0,0.553],[-0.552,0]],"o":[[0,0.553],[-0.552,0],[0,-0.553],[0.552,0]],"v":[[16.722,0],[15.722,1],[14.722,0],[15.722,-1]],"c":true}]},{"i":{"x":0.66,"y":1},"o":{"x":0.34,"y":0},"t":119.287,"s":[{"i":[[0,-0.553],[0.552,0],[0,0.553],[-0.552,0]],"o":[[0,0.553],[-0.552,0],[0,-0.553],[0.552,0]],"v":[[-0.944,0],[-1.944,1],[-2.944,0],[-1.944,-1]],"c":true}]},{"t":138.2470703125,"s":[{"i":[[0,-0.553],[0.552,0],[0,0.553],[-0.552,0]],"o":[[0,0.553],[-0.552,0],[0,-0.553],[0.552,0]],"v":[[1,0],[0,1],[-1,0],[0,-1]],"c":true}]}],"ix":2},"nm":"Path 1","mn":"ADBE Vector Shape - Group","hd":false},{"ty":"st","c":{"a":0,"k":[0.08627450980392157,0.2901960784313726,0.6392156862745098,1],"ix":3},"o":{"a":0,"k":100,"ix":4},"w":{"a":0,"k":1,"ix":5},"lc":2,"lj":2,"bm":0,"nm":"Stroke 1","mn":"ADBE Vector Graphic - Stroke","hd":false},{"ty":"fl","c":{"a":0,"k":[1,1,1,1],"ix":4},"o":{"a":0,"k":100,"ix":5},"r":1,"bm":0,"nm":"Fill 1","mn":"ADBE Vector Graphic - Fill","hd":false},{"ty":"tr","p":{"a":1,"k":[{"i":{"x":0.66,"y":1},"o":{"x":0.34,"y":0},"t":0,"s":[13.75,5.5],"to":[0,-0.351],"ti":[0,-0.275]},{"i":{"x":0.66,"y":1},"o":{"x":0.34,"y":0},"t":30,"s":[13.75,3.395],"to":[0,0.275],"ti":[0,0]},{"i":{"x":0.66,"y":1},"o":{"x":0.34,"y":0},"t":59,"s":[13.75,7.147],"to":[0,0],"ti":[0,0]},{"i":{"x":0.66,"y":1},"o":{"x":0.34,"y":0},"t":90,"s":[13.75,3.395],"to":[0,0],"ti":[0,-0.351]},{"i":{"x":0.66,"y":1},"o":{"x":0.34,"y":0},"t":119,"s":[13.75,7.147],"to":[0,0.351],"ti":[0,0.275]},{"t":149,"s":[13.75,5.5]}],"ix":2},"a":{"a":0,"k":[0,0],"ix":1},"s":{"a":0,"k":[100,100],"ix":3},"r":{"a":0,"k":0,"ix":6},"o":{"a":0,"k":100,"ix":7},"sk":{"a":0,"k":0,"ix":4},"sa":{"a":0,"k":0,"ix":5},"nm":"Transform"}],"nm":"Group 10","np":3,"cix":2,"bm":0,"ix":10,"mn":"ADBE Vector Group","hd":false},{"ty":"gr","it":[{"ind":0,"ty":"sh","ix":1,"ks":{"a":1,"k":[{"i":{"x":0.66,"y":1},"o":{"x":0.34,"y":0},"t":0,"s":[{"i":[[0,-0.553],[0.552,0],[0,0.553],[-0.552,0]],"o":[[0,0.553],[-0.552,0],[0,-0.553],[0.552,0]],"v":[[1,0],[0,1],[-1,0],[0,-1]],"c":true}]},{"i":{"x":0.66,"y":1},"o":{"x":0.34,"y":0},"t":20.492,"s":[{"i":[[0,-0.553],[0.552,0],[0,0.553],[-0.552,0]],"o":[[0,0.553],[-0.552,0],[0,-0.553],[0.552,0]],"v":[[16.722,0],[15.722,1],[14.722,0],[15.722,-1]],"c":true}]},{"i":{"x":0.66,"y":1},"o":{"x":0.34,"y":0},"t":41.534,"s":[{"i":[[0,-0.553],[0.552,0],[0,0.553],[-0.552,0]],"o":[[0,0.553],[-0.552,0],[0,-0.553],[0.552,0]],"v":[[-0.944,0],[-1.944,1],[-2.944,0],[-1.944,-1]],"c":true}]},{"i":{"x":0.833,"y":1},"o":{"x":0.167,"y":0},"t":60.493,"s":[{"i":[[0,-0.553],[0.552,0],[0,0.553],[-0.552,0]],"o":[[0,0.553],[-0.552,0],[0,-0.553],[0.552,0]],"v":[[1,0],[0,1],[-1,0],[0,-1]],"c":true}]},{"i":{"x":0.66,"y":1},"o":{"x":0.34,"y":0},"t":76,"s":[{"i":[[0,-0.553],[0.552,0],[0,0.553],[-0.552,0]],"o":[[0,0.553],[-0.552,0],[0,-0.553],[0.552,0]],"v":[[1,0],[0,1],[-1,0],[0,-1]],"c":true}]},{"i":{"x":0.66,"y":1},"o":{"x":0.34,"y":0},"t":96.492,"s":[{"i":[[0,-0.553],[0.552,0],[0,0.553],[-0.552,0]],"o":[[0,0.553],[-0.552,0],[0,-0.553],[0.552,0]],"v":[[16.722,0],[15.722,1],[14.722,0],[15.722,-1]],"c":true}]},{"i":{"x":0.66,"y":1},"o":{"x":0.34,"y":0},"t":117.534,"s":[{"i":[[0,-0.553],[0.552,0],[0,0.553],[-0.552,0]],"o":[[0,0.553],[-0.552,0],[0,-0.553],[0.552,0]],"v":[[-0.944,0],[-1.944,1],[-2.944,0],[-1.944,-1]],"c":true}]},{"t":136.4931640625,"s":[{"i":[[0,-0.553],[0.552,0],[0,0.553],[-0.552,0]],"o":[[0,0.553],[-0.552,0],[0,-0.553],[0.552,0]],"v":[[1,0],[0,1],[-1,0],[0,-1]],"c":true}]}],"ix":2},"nm":"Path 1","mn":"ADBE Vector Shape - Group","hd":false},{"ty":"st","c":{"a":0,"k":[0.08627450980392157,0.2901960784313726,0.6392156862745098,1],"ix":3},"o":{"a":0,"k":100,"ix":4},"w":{"a":0,"k":1,"ix":5},"lc":2,"lj":2,"bm":0,"nm":"Stroke 1","mn":"ADBE Vector Graphic - Stroke","hd":false},{"ty":"fl","c":{"a":0,"k":[1,1,1,1],"ix":4},"o":{"a":0,"k":100,"ix":5},"r":1,"bm":0,"nm":"Fill 1","mn":"ADBE Vector Graphic - Fill","hd":false},{"ty":"tr","p":{"a":1,"k":[{"i":{"x":0.66,"y":1},"o":{"x":0.34,"y":0},"t":0,"s":[18.75,5.5],"to":[0,-0.351],"ti":[0,-0.275]},{"i":{"x":0.66,"y":1},"o":{"x":0.34,"y":0},"t":30,"s":[18.75,3.395],"to":[0,0.275],"ti":[0,0]},{"i":{"x":0.66,"y":1},"o":{"x":0.34,"y":0},"t":59,"s":[18.75,7.147],"to":[0,0],"ti":[0,0]},{"i":{"x":0.66,"y":1},"o":{"x":0.34,"y":0},"t":90,"s":[18.75,3.395],"to":[0,0],"ti":[0,-0.351]},{"i":{"x":0.66,"y":1},"o":{"x":0.34,"y":0},"t":119,"s":[18.75,7.147],"to":[0,0.351],"ti":[0,0.275]},{"t":149,"s":[18.75,5.5]}],"ix":2},"a":{"a":0,"k":[0,0],"ix":1},"s":{"a":0,"k":[100,100],"ix":3},"r":{"a":0,"k":0,"ix":6},"o":{"a":0,"k":100,"ix":7},"sk":{"a":0,"k":0,"ix":4},"sa":{"a":0,"k":0,"ix":5},"nm":"Transform"}],"nm":"Group 11","np":3,"cix":2,"bm":0,"ix":11,"mn":"ADBE Vector Group","hd":false},{"ty":"gr","it":[{"ind":0,"ty":"sh","ix":1,"ks":{"a":0,"k":{"i":[[0,0],[0,0],[0,0],[-0.552,0],[0,0],[0,-0.553]],"o":[[0,0],[0,0],[0,-0.553],[0,0],[0.552,0],[0,0]],"v":[[16.5,3],[-16.5,3],[-16.5,-2],[-15.5,-3],[15.5,-3],[16.5,-2]],"c":true},"ix":2},"nm":"Path 1","mn":"ADBE Vector Shape - Group","hd":false},{"ty":"st","c":{"a":0,"k":[0.08627450980392157,0.2901960784313726,0.6392156862745098,1],"ix":3},"o":{"a":0,"k":100,"ix":4},"w":{"a":0,"k":1,"ix":5},"lc":2,"lj":2,"bm":0,"nm":"Stroke 1","mn":"ADBE Vector Graphic - Stroke","hd":false},{"ty":"fl","c":{"a":0,"k":[0.6941176470588235,0.7647058823529411,0.8509803921568627,1],"ix":4},"o":{"a":0,"k":100,"ix":5},"r":1,"bm":0,"nm":"Fill 1","mn":"ADBE Vector Graphic - Fill","hd":false},{"ty":"tr","p":{"a":1,"k":[{"i":{"x":0.66,"y":1},"o":{"x":0.34,"y":0},"t":0,"s":[21.25,5.5],"to":[0,-0.351],"ti":[0,-0.275]},{"i":{"x":0.66,"y":1},"o":{"x":0.34,"y":0},"t":30,"s":[21.25,3.395],"to":[0,0.275],"ti":[0,0]},{"i":{"x":0.66,"y":1},"o":{"x":0.34,"y":0},"t":59,"s":[21.25,7.147],"to":[0,0],"ti":[0,0]},{"i":{"x":0.66,"y":1},"o":{"x":0.34,"y":0},"t":90,"s":[21.25,3.395],"to":[0,0],"ti":[0,-0.351]},{"i":{"x":0.66,"y":1},"o":{"x":0.34,"y":0},"t":119,"s":[21.25,7.147],"to":[0,0.351],"ti":[0,0.275]},{"t":149,"s":[21.25,5.5]}],"ix":2},"a":{"a":0,"k":[0,0],"ix":1},"s":{"a":0,"k":[100,100],"ix":3},"r":{"a":0,"k":0,"ix":6},"o":{"a":0,"k":100,"ix":7},"sk":{"a":0,"k":0,"ix":4},"sa":{"a":0,"k":0,"ix":5},"nm":"Transform"}],"nm":"Group 12","np":3,"cix":2,"bm":0,"ix":12,"mn":"ADBE Vector Group","hd":false},{"ty":"gr","it":[{"ind":0,"ty":"sh","ix":1,"ks":{"a":0,"k":{"i":[[0.276,0],[0,0.276],[0,0],[0,0],[0,0],[0.276,0],[0,0.276],[0,0],[0,0],[0,0]],"o":[[-0.276,0],[0,0],[0,0],[0,0],[0,0.276],[-0.276,0],[0,0],[0,0],[0,0],[0,0.276]],"v":[[16.5,7.064],[16,6.564],[16,-6.059],[-16,-5.939],[-16,6.564],[-16.5,7.064],[-17,6.564],[-17,-6.934],[17,-7.064],[17,6.564]],"c":true},"ix":2},"nm":"Path 1","mn":"ADBE Vector Shape - Group","hd":false},{"ty":"fl","c":{"a":0,"k":[0.08627450980392157,0.2901960784313726,0.6392156862745098,1],"ix":4},"o":{"a":0,"k":100,"ix":5},"r":1,"bm":0,"nm":"Fill 1","mn":"ADBE Vector Graphic - Fill","hd":false},{"ty":"tr","p":{"a":1,"k":[{"i":{"x":0.66,"y":1},"o":{"x":0.34,"y":0},"t":0,"s":[21.25,14.937],"to":[0,-0.351],"ti":[0,-0.275]},{"i":{"x":0.66,"y":1},"o":{"x":0.34,"y":0},"t":30,"s":[21.25,12.831],"to":[0,0.275],"ti":[0,0]},{"i":{"x":0.66,"y":1},"o":{"x":0.34,"y":0},"t":59,"s":[21.25,16.584],"to":[0,0],"ti":[0,0]},{"i":{"x":0.66,"y":1},"o":{"x":0.34,"y":0},"t":90,"s":[21.25,12.831],"to":[0,0],"ti":[0,-0.351]},{"i":{"x":0.66,"y":1},"o":{"x":0.34,"y":0},"t":119,"s":[21.25,16.584],"to":[0,0.351],"ti":[0,0.275]},{"t":149,"s":[21.25,14.937]}],"ix":2},"a":{"a":0,"k":[0,0],"ix":1},"s":{"a":0,"k":[100,100],"ix":3},"r":{"a":0,"k":0,"ix":6},"o":{"a":0,"k":100,"ix":7},"sk":{"a":0,"k":0,"ix":4},"sa":{"a":0,"k":0,"ix":5},"nm":"Transform"}],"nm":"Group 13","np":2,"cix":2,"bm":0,"ix":13,"mn":"ADBE Vector Group","hd":false},{"ty":"gr","it":[{"ind":0,"ty":"sh","ix":1,"ks":{"a":0,"k":{"i":[[0.276,0],[0,0.276],[0,0],[0,0],[0,0],[0.276,0],[0,0.276],[0,0],[-0.276,0],[0,0],[0,-0.276],[0,0]],"o":[[-0.276,0],[0,0],[0,0],[0,0],[0,0.276],[-0.276,0],[0,0],[0,-0.276],[0,0],[0.276,0],[0,0],[0,0.276]],"v":[[15.5,6.5],[15,6],[15,-5.5],[-15,-5.5],[-15,6],[-15.5,6.5],[-16,6],[-16,-6],[-15.5,-6.5],[15.5,-6.5],[16,-6],[16,6]],"c":true},"ix":2},"nm":"Path 1","mn":"ADBE Vector Shape - Group","hd":false},{"ty":"fl","c":{"a":0,"k":[1,1,1,1],"ix":4},"o":{"a":0,"k":100,"ix":5},"r":1,"bm":0,"nm":"Fill 1","mn":"ADBE Vector Graphic - Fill","hd":false},{"ty":"tr","p":{"a":1,"k":[{"i":{"x":0.66,"y":1},"o":{"x":0.34,"y":0},"t":0,"s":[21.25,15.5],"to":[0,-0.351],"ti":[0,-0.275]},{"i":{"x":0.66,"y":1},"o":{"x":0.34,"y":0},"t":30,"s":[21.25,13.395],"to":[0,0.275],"ti":[0,0]},{"i":{"x":0.66,"y":1},"o":{"x":0.34,"y":0},"t":59,"s":[21.25,17.147],"to":[0,0],"ti":[0,0]},{"i":{"x":0.66,"y":1},"o":{"x":0.34,"y":0},"t":90,"s":[21.25,13.395],"to":[0,0],"ti":[0,-0.351]},{"i":{"x":0.66,"y":1},"o":{"x":0.34,"y":0},"t":119,"s":[21.25,17.147],"to":[0,0.351],"ti":[0,0.275]},{"t":149,"s":[21.25,15.5]}],"ix":2},"a":{"a":0,"k":[0,0],"ix":1},"s":{"a":0,"k":[100,100],"ix":3},"r":{"a":0,"k":0,"ix":6},"o":{"a":0,"k":100,"ix":7},"sk":{"a":0,"k":0,"ix":4},"sa":{"a":0,"k":0,"ix":5},"nm":"Transform"}],"nm":"Group 14","np":2,"cix":2,"bm":0,"ix":14,"mn":"ADBE Vector Group","hd":false},{"ty":"gr","it":[{"ind":0,"ty":"sh","ix":1,"ks":{"a":0,"k":{"i":[[0.276,0],[0,0],[0,0.276],[0,0],[0,0],[0,0]],"o":[[0,0],[-0.276,0],[0,0],[0,0],[0,0],[0,0.276]],"v":[[16,16.5],[-16,16.5],[-16.5,16],[-16.5,-16.5],[16.5,-16.5],[16.5,16]],"c":true},"ix":2},"nm":"Path 1","mn":"ADBE Vector Shape - Group","hd":false},{"ty":"fl","c":{"a":0,"k":[0.961000031116,0.961000031116,0.961000031116,1],"ix":4},"o":{"a":0,"k":100,"ix":5},"r":1,"bm":0,"nm":"Fill 1","mn":"ADBE Vector Graphic - Fill","hd":false},{"ty":"tr","p":{"a":1,"k":[{"i":{"x":0.66,"y":1},"o":{"x":0.34,"y":0},"t":0,"s":[21.25,25],"to":[0,-0.351],"ti":[0,-0.275]},{"i":{"x":0.66,"y":1},"o":{"x":0.34,"y":0},"t":30,"s":[21.25,22.895],"to":[0,0.275],"ti":[0,0]},{"i":{"x":0.66,"y":1},"o":{"x":0.34,"y":0},"t":59,"s":[21.25,26.647],"to":[0,0],"ti":[0,0]},{"i":{"x":0.66,"y":1},"o":{"x":0.34,"y":0},"t":90,"s":[21.25,22.895],"to":[0,0],"ti":[0,-0.351]},{"i":{"x":0.66,"y":1},"o":{"x":0.34,"y":0},"t":119,"s":[21.25,26.647],"to":[0,0.351],"ti":[0,0.275]},{"t":149,"s":[21.25,25]}],"ix":2},"a":{"a":0,"k":[0,0],"ix":1},"s":{"a":0,"k":[100,100],"ix":3},"r":{"a":0,"k":0,"ix":6},"o":{"a":0,"k":100,"ix":7},"sk":{"a":0,"k":0,"ix":4},"sa":{"a":0,"k":0,"ix":5},"nm":"Transform"}],"nm":"Group 15","np":2,"cix":2,"bm":0,"ix":15,"mn":"ADBE Vector Group","hd":false},{"ty":"gr","it":[{"ind":0,"ty":"sh","ix":1,"ks":{"a":0,"k":{"i":[[1.378,0],[0,0],[0,1.379],[0,0],[-0.238,0.19],[0,0],[-0.174,-0.216],[0.216,-0.173],[0,0],[0,0],[-0.827,0],[0,0],[0,0.827],[0,0],[0,0],[-0.173,0.215],[-0.214,-0.172],[0,0],[0,-0.304],[0,0]],"o":[[0,0],[-1.378,0],[0,0],[0,-0.304],[0,0],[0.215,-0.173],[0.173,0.214],[0,0],[0,0],[0,0.827],[0,0],[0.827,0],[0,0],[0,0],[-0.215,-0.173],[0.173,-0.215],[0,0],[0.237,0.191],[0,0],[0,1.379]],"v":[[18.5,13.866],[-18.5,13.866],[-21,11.366],[-21,-11.395],[-20.626,-12.174],[-18.74,-13.693],[-18.037,-13.616],[-18.113,-12.913],[-20,-11.395],[-20,11.366],[-18.5,12.866],[18.5,12.866],[20,11.366],[20,-11.395],[18.155,-12.879],[18.079,-13.582],[18.782,-13.658],[20.627,-12.174],[21,-11.395],[21,11.366]],"c":true},"ix":2},"nm":"Path 1","mn":"ADBE Vector Shape - Group","hd":false},{"ty":"fl","c":{"a":0,"k":[0.08627450980392157,0.2901960784313726,0.6392156862745098,1],"ix":4},"o":{"a":0,"k":100,"ix":5},"r":1,"bm":0,"nm":"Fill 1","mn":"ADBE Vector Graphic - Fill","hd":false},{"ty":"tr","p":{"a":0,"k":[21.25,32.134],"ix":2},"a":{"a":0,"k":[0,0],"ix":1},"s":{"a":0,"k":[100,100],"ix":3},"r":{"a":0,"k":0,"ix":6},"o":{"a":0,"k":100,"ix":7},"sk":{"a":0,"k":0,"ix":4},"sa":{"a":0,"k":0,"ix":5},"nm":"Transform"}],"nm":"Group 16","np":2,"cix":2,"bm":0,"ix":16,"mn":"ADBE Vector Group","hd":false},{"ty":"gr","it":[{"ind":0,"ty":"sh","ix":1,"ks":{"a":0,"k":{"i":[[1.104,0],[0,0],[0,1.104],[0,0],[-0.119,0.094],[0,0],[-0.732,-0.59],[0,0],[0,-0.151],[0,0]],"o":[[0,0],[-1.104,0],[0,0],[0,-0.151],[0,0],[0.732,-0.59],[0,0],[0.118,0.094],[0,0],[0,1.104]],"v":[[18.5,20.54],[-18.5,20.54],[-20.5,18.54],[-20.5,-4.221],[-20.313,-4.61],[-1.254,-19.95],[1.254,-19.95],[20.313,-4.61],[20.5,-4.221],[20.5,18.54]],"c":true},"ix":2},"nm":"Path 1","mn":"ADBE Vector Shape - Group","hd":false},{"ty":"fl","c":{"a":0,"k":[0.698039215686,0.764705882353,0.854901960784,1],"ix":4},"o":{"a":0,"k":100,"ix":5},"r":1,"bm":0,"nm":"Fill 1","mn":"ADBE Vector Graphic - Fill","hd":false},{"ty":"tr","p":{"a":0,"k":[21.25,24.96],"ix":2},"a":{"a":0,"k":[0,0],"ix":1},"s":{"a":0,"k":[100,100],"ix":3},"r":{"a":0,"k":0,"ix":6},"o":{"a":0,"k":100,"ix":7},"sk":{"a":0,"k":0,"ix":4},"sa":{"a":0,"k":0,"ix":5},"nm":"Transform"}],"nm":"Group 17","np":2,"cix":2,"bm":0,"ix":17,"mn":"ADBE Vector Group","hd":false}],"ip":0,"op":150,"st":0,"bm":0}],"markers":[]}